{
  "_id": "6824bdd9aa696ed4c7f5278f",
  "title": "html",
  "description": "hi html",
  "category": "Développement Web",
  "price": 1000,
  "language": "Français",
  "level": "Débutant",
  "teacher": "6824bd8daa696ed4c7f5275b",
  "coverImage": "uploads\\courses\\covers\\1747238360998-193989147-ChatGPT Image 3 mai 2025, 01_05_45.png",
  "sections": [
    {
      "title": "chap1",
      "description": "hi chap1",
      "resources": [
        {
          "name": "CV - Mohamed Aziz  Samoud.pdf",
          "type": "document",
          "file": "",
          "size": 314775
        }
      ],
      "_id": "6824bdd9aa696ed4c7f52790"
    }
  ],
  "students": [
    "6824bca6aa696ed4c7f5272b",
    "6824cb5353cb693726e40a9f"
  ],
  "views": 9,
  "ratings": [],
  "enrollments": [],
  "createdAt": "2025-05-14T15:59:21.689Z",
  "updatedAt": "2025-05-15T16:54:22.168Z",
  "__v": 0
}